{
	"info": {
		"_postman_id": "84979099-e778-4604-a0bc-4e287f90efe7",
		"name": "Brainlox Course Assistant API",
		"schema": "https://schema.getpostman.com/json/collection/v2.1.0/collection.json",
		"_exporter_id": "42972570"
	},
	"item": [
		{
			"name": "Health Check",
			"request": {
				"method": "GET",
				"header": [],
				"url": {
					"raw": "http://localhost:5000/api/health",
					"protocol": "http",
					"host": [
						"localhost"
					],
					"port": "5000",
					"path": [
						"api",
						"health"
					]
				}
			},
			"response": []
		},
		{
			"name": "Refresh Course Data",
			"request": {
				"method": "POST",
				"header": [],
				"url": {
					"raw": "http://localhost:5000/api/refresh",
					"protocol": "http",
					"host": [
						"localhost"
					],
					"port": "5000",
					"path": [
						"api",
						"refresh"
					]
				}
			},
			"response": []
		},
		{
			"name": "Chat with Assistant",
			"request": {
				"method": "POST",
				"header": [],
				"body": {
					"mode": "raw",
					"raw": "{\r\n    \"message\": \"What is the duration of course LEARN SCRATCH PROGRAMING ?\"\r\n}",
					"options": {
						"raw": {
							"language": "json"
						}
					}
				},
				"url": {
					"raw": "http://localhost:5000/api/chat",
					"protocol": "http",
					"host": [
						"localhost"
					],
					"port": "5000",
					"path": [
						"api",
						"chat"
					]
				}
			},
			"response": []
		}
	]
}